CREATE TABLE student (
  SSN       CHAR(36) PRIMARY KEY,
  firstName NVARCHAR(64),
  lastName  NVARCHAR(64),
  phone     VARCHAR(16)
);

INSERT INTO student VALUES (
  '00000000-0000-0000-0000-000000000000',
  'John',
  'Doe',
  '1234567891'
);

INSERT INTO student VALUES (
  '00000000-0000-0000-0000-000000000002',
  'Jane',
  'Doe',
  '1234567893'
);

INSERT INTO student VALUES (
  '00000000-0000-0000-0000-000000000003',
  'Johnny',
  'Doe',
  '1234567894'
);

INSERT INTO student VALUES (
  '00000000-0000-0000-0000-000000000004',
  'Janet',
  'Smith',
  '1234567895'
);

INSERT INTO student VALUES (
  '00000000-0000-0000-0000-000000000001',
  'John',
  'Smith',
  '1234567892'
);

CREATE TABLE course (
  CRN        CHAR(36) PRIMARY KEY,
  courseName VARCHAR(64),
  meetTime   CHAR(7),
  room       VARCHAR(32),
  credits    INT
);

INSERT INTO course VALUES (
  '00000000-0000-0000-0000-000000000000',
  'Database',
  '01:00PM',
  'Pyror 201',
  3
);

INSERT INTO course VALUES (
  '00000000-0000-0000-0000-000000000001',
  'Assembly',
  '02:00PM',
  'Pyror 201',
  3
);

INSERT INTO course VALUES (
  '00000000-0000-0000-0000-000000000002',
  'Theatre Appreciation',
  '01:00PM',
  'Reynolds 216',
  3
);

INSERT INTO course VALUES (
  '00000000-0000-0000-0000-000000000003',
  'Wisdom and Prophets',
  '11:00AM',
  'McInteer 212',
  2
);

INSERT INTO course VALUES (
  '00000000-0000-0000-0000-000000000004',
  'Intro to Writing and Research',
  '01:00PM',
  'American Studies 235',
  3
);

CREATE TABLE schedule (
  SSN   CHAR(36),
  CRN   CHAR(36),
  grade CHAR(1),
  PRIMARY KEY (SSN, CRN),
  FOREIGN KEY (SSN) REFERENCES student (SSN)
    ON DELETE CASCADE,
  FOREIGN KEY (CRN) REFERENCES course (CRN)
    ON DELETE CASCADE
);

INSERT INTO schedule VALUES (
  '00000000-0000-0000-0000-000000000000',
  '00000000-0000-0000-0000-000000000000',
  'A'
);

INSERT INTO schedule VALUES (
  '00000000-0000-0000-0000-000000000000',
  '00000000-0000-0000-0000-000000000001',
  'B'
);

INSERT INTO schedule VALUES (
  '00000000-0000-0000-0000-000000000000',
  '00000000-0000-0000-0000-000000000002',
  'C'
);


INSERT INTO schedule VALUES (
  '00000000-0000-0000-0000-000000000001',
  '00000000-0000-0000-0000-000000000001',
  'A'
);

INSERT INTO schedule VALUES (
  '00000000-0000-0000-0000-000000000001',
  '00000000-0000-0000-0000-000000000002',
  'A'
);

INSERT INTO schedule VALUES (
  '00000000-0000-0000-0000-000000000001',
  '00000000-0000-0000-0000-000000000003',
  'C'
);


INSERT INTO schedule VALUES (
  '00000000-0000-0000-0000-000000000002',
  '00000000-0000-0000-0000-000000000002',
  'A'
);

INSERT INTO schedule VALUES (
  '00000000-0000-0000-0000-000000000002',
  '00000000-0000-0000-0000-000000000003',
  'F'
);

INSERT INTO schedule VALUES (
  '00000000-0000-0000-0000-000000000002',
  '00000000-0000-0000-0000-000000000004',
  'A'
);


INSERT INTO schedule VALUES (
  '00000000-0000-0000-0000-000000000003',
  '00000000-0000-0000-0000-000000000002',
  'D'
);

INSERT INTO schedule VALUES (
  '00000000-0000-0000-0000-000000000003',
  '00000000-0000-0000-0000-000000000001',
  'C'
);

INSERT INTO schedule VALUES (
  '00000000-0000-0000-0000-000000000003',
  '00000000-0000-0000-0000-000000000004',
  'A'
);


INSERT INTO schedule VALUES (
  '00000000-0000-0000-0000-000000000004',
  '00000000-0000-0000-0000-000000000001',
  'F'
);

INSERT INTO schedule VALUES (
  '00000000-0000-0000-0000-000000000004',
  '00000000-0000-0000-0000-000000000000',
  'F'
);

INSERT INTO schedule VALUES (
  '00000000-0000-0000-0000-000000000004',
  '00000000-0000-0000-0000-000000000004',
  'F'
);

SELECT *
FROM student;

SELECT *
FROM course;

SELECT
  firstName,
  lastName,
  courseName,
  credits,
  grade
FROM student
  INNER JOIN schedule ON student.SSN = schedule.SSN
  INNER JOIN course ON course.CRN = schedule.CRN
ORDER BY firstName, lastName;

DELETE FROM student
WHERE SSN = '00000000-0000-0000-0000-000000000000';

UPDATE student SET phone = '1234567899' WHERE SSN = '00000000-0000-0000-0000-000000000001';

SELECT *
FROM student;
